Account__c,Code__c,Name,HierarchySort__c,Level__c,LineDisplay__c,Errors,Id
,JRU,Jordans R Us,4,1,Jordans R Us,,a058N000000JYNnQAO
,CR,Copper Range,1,1,Copper Range,,a058N000000JYNoQAO
,HS,Historical Society,2,2,-----Historical Society,,a058N000000JYNpQAO
,EE,English Extrordinaire,5,2,-----English Extrordinaire,,a058N000000JYNqQAO
,TM,Train Maker,3,2,-----Train Maker,,a058N000000JYNrQAO
,GG,Gaming Guru,6,2,-----Gaming Guru,,a058N000000JYNsQAO
,IE,Imo Enterprises,7,2,-----Imo Enterprises,,a058N000000JYNtQAO
,LL,Imo Apartments,8,3,----------Imo Apartments,,a058N000000JYNuQAO
,CB,Imo Coffee and Bookstore,9,3,----------Imo Coffee and Bookstore,,a058N000000JYNvQAO
,IG,Imo Ice Cream and Goods,10,3,----------Imo Ice Cream and Goods,,a058N000000JYNwQAO
